<tree id='0'><item text='index' id='index.html'><item text='others toc handling special charac' id='others___toc_handling_special_charac.html'><item text='others special characters in xml' id='others___special_characters_in_xml.html'></item><item text='others special encodings in xml' id='others___special_encodings_in_xml.html'></item><item text='others special characters in dhtmlxgrid' id='others___special_characters_in_dhtmlxgrid.html'></item><item text='others special characters serialization' id='others___special_characters_serialization.html'></item></item><item text='others how to create the completed demo' id='others___how_to_create_the_completed_demo.html'></item><item text='others toc libcompiler' id='others___toc_libcompiler.html'></item><item text='migrating to version 3.0' id='migrating_to_version_3.0.html'></item><item text='others troubleshooting common errors' id='others___troubleshooting_common_errors.html'></item></item></tree>