<?xml version="1.0" encoding="UTF-8"?>
<mosinstall version="1.0.0" type="mambot" group="acajoom">
	<name>Acajoom Joomla Bot</name>
	<author>Acajoom Services</author>
	<creationDate>June 2008</creationDate>
	<copyright>© 2008 Acajoom Services. All Rights Reserved</copyright>
	<license>http://www.gnu.org/copyleft/gpl.html GNU/GPL</license>
	<authorEmail>support@ijoobi.com</authorEmail>
	<authorUrl>http://www.ijoobi.com</authorUrl>
	<version>1.0.0</version>
	<description>Acajoom Bot (for Joomla 1.0.x) to launch mambot onPrepareContent.</description>
	<files>
		<filename mambot="acajoomJoomBot10">acajoomJoomBot10.php</filename>
	</files>
</mosinstall>