<?xml version="1.0" encoding="UTF-8"?>
<install version="1.5" type="plugin" group="acajoom">
	<name>Acajoom JoomlaBot</name>
	<author>Acajoom Services</author>
	<creationDate>June 2008</creationDate>
	<copyright>© 2008 Acajoom Services. All Rights Reserved</copyright>
	<license>http://www.gnu.org/copyleft/gpl.html GNU/GPL</license>
	<authorEmail>support@ijoobi.com</authorEmail>
	<authorUrl>http://www.ijoobi.com</authorUrl>
	<version>1.0.0</version>
	<description>Acajoom Bot (for Joomla 1.5) to launch mambot onPrepareContent.</description>
	<files>
		<filename plugin="acajoomJoomBot15">acajoomJoomBot15.php</filename>
	</files>
</install>