<tree id='0'><item text='index' id='index.html'><item text='dhtmlxcombo supported browsers' id='dhtmlxcombo___supported_browsers.html'></item><item text='dhtmlxcombo initializing object' id='dhtmlxcombo___initializing_object.html'></item><item text='dhtmlxcombo adding options' id='dhtmlxcombo___adding_options.html'></item><item text='dhtmlxcombo integrating with form tag' id='dhtmlxcombo___integrating_with_form_tag.html'></item><item text='dhtmlxcombo filtering' id='dhtmlxcombo___filtering.html'></item><item text='dhtmlxcombo operations with combobox' id='dhtmlxcombo___operations_with_combobox.html'></item><item text='dhtmlxcombo operations with comobobox s options' id='dhtmlxcombo___operations_with_comobobox_s_options.html'></item><item text='dhtmlxcombo groups extension' id='dhtmlxcombo___groups_extension.html'></item><item text='dhtmlxcombo list size and position' id='dhtmlxcombo___list_size_and_position.html'></item><item text='dhtmlxcombo combobox with images and checkboxes' id='dhtmlxcombo___combobox_with_images_and_checkboxes.html'></item><item text='dhtmlxcombo events' id='dhtmlxcombo___events.html'><item text='dhtmlxcombo event onchange' id='dhtmlxcombo___event_onchange.html'></item><item text='dhtmlxcombo event onselectionchange' id='dhtmlxcombo___event_onselectionchange.html'></item><item text='dhtmlxcombo event onkeypressed' id='dhtmlxcombo___event_onkeypressed.html'></item><item text='dhtmlxcombo event onblur' id='dhtmlxcombo___event_onblur.html'></item><item text='dhtmlxcombo event onopen' id='dhtmlxcombo___event_onopen.html'></item><item text='dhtmlxcombo event oncheck' id='dhtmlxcombo___event_oncheck.html'></item></item><item text='dhtmlxcombo api constructor' id='dhtmlxcombo___api_constructor.html'><item text='dhtmlxcombo api constructor object' id='dhtmlxcombo___api_constructor_object.html'></item></item><item text='dhtmlxcombo api toc alpha' id='dhtmlxcombo___api_toc_alpha.html'><item text='dhtmlxcombo api method dhtmlxcombo attachevent' id='dhtmlxcombo___api_method_dhtmlxcombo_attachevent.html'></item><item text='dhtmlxcombo api method dhtmlxcombo confirmvalue' id='dhtmlxcombo___api_method_dhtmlxcombo_confirmvalue.html'></item><item text='dhtmlxcombo api method dhtmlxcombo detachevent' id='dhtmlxcombo___api_method_dhtmlxcombo_detachevent.html'></item></item><item text='dhtmlxcombo api toc categories' id='dhtmlxcombo___api_toc_categories.html'><item text='dhtmlxcombo api method dhtmlxcombo enablefilteringmode' id='dhtmlxcombo___api_method_dhtmlxcombo_enablefilteringmode.html'></item><item text='dhtmlxcombo api method dhtmlxcombo enableoptionautoheight' id='dhtmlxcombo___api_method_dhtmlxcombo_enableoptionautoheight.html'></item><item text='dhtmlxcombo api method dhtmlxcombo enableoptionautopositioning' id='dhtmlxcombo___api_method_dhtmlxcombo_enableoptionautopositioning.html'></item><item text='dhtmlxcombo api method dhtmlxcombo enableoptionautowidth' id='dhtmlxcombo___api_method_dhtmlxcombo_enableoptionautowidth.html'></item><item text='dhtmlxcombo api method dhtmlxcombo loadxml' id='dhtmlxcombo___api_method_dhtmlxcombo_loadxml.html'></item><item text='dhtmlxcombo api method dhtmlxcombo loadxmlstring' id='dhtmlxcombo___api_method_dhtmlxcombo_loadxmlstring.html'></item><item text='dhtmlxcombo api method dhtmlxcombo setdefaultimage' id='dhtmlxcombo___api_method_dhtmlxcombo_setdefaultimage.html'></item><item text='dhtmlxcombo api method dhtmlxcombo setname' id='dhtmlxcombo___api_method_dhtmlxcombo_setname.html'></item><item text='dhtmlxcombo api method dhtmlxcombo setoptionheight' id='dhtmlxcombo___api_method_dhtmlxcombo_setoptionheight.html'></item><item text='dhtmlxcombo api method dhtmlxcombo setoptionwidth' id='dhtmlxcombo___api_method_dhtmlxcombo_setoptionwidth.html'></item><item text='dhtmlxcombo api method dhtmlxcombo setsize' id='dhtmlxcombo___api_method_dhtmlxcombo_setsize.html'></item><item text='dhtmlxcombo api method dhtmlxcombo addoption' id='dhtmlxcombo___api_method_dhtmlxcombo_addoption.html'></item><item text='dhtmlxcombo api method dhtmlxcombo deleteoption' id='dhtmlxcombo___api_method_dhtmlxcombo_deleteoption.html'></item><item text='dhtmlxcombo api method dhtmlxcombo getchecked' id='dhtmlxcombo___api_method_dhtmlxcombo_getchecked.html'></item><item text='dhtmlxcombo api method dhtmlxcombo getindexbyvalue' id='dhtmlxcombo___api_method_dhtmlxcombo_getindexbyvalue.html'></item><item text='dhtmlxcombo api method dhtmlxcombo getoption' id='dhtmlxcombo___api_method_dhtmlxcombo_getoption.html'></item><item text='dhtmlxcombo api method dhtmlxcombo getoptionbyindex' id='dhtmlxcombo___api_method_dhtmlxcombo_getoptionbyindex.html'></item><item text='dhtmlxcombo api method dhtmlxcombo getoptionbylabel' id='dhtmlxcombo___api_method_dhtmlxcombo_getoptionbylabel.html'></item><item text='dhtmlxcombo api method dhtmlxcombo getselectedindex' id='dhtmlxcombo___api_method_dhtmlxcombo_getselectedindex.html'></item><item text='dhtmlxcombo api method dhtmlxcombo getselectedtext' id='dhtmlxcombo___api_method_dhtmlxcombo_getselectedtext.html'></item><item text='dhtmlxcombo api method dhtmlxcombo getselectedvalue' id='dhtmlxcombo___api_method_dhtmlxcombo_getselectedvalue.html'></item><item text='dhtmlxcombo api method dhtmlxcombo selectoption' id='dhtmlxcombo___api_method_dhtmlxcombo_selectoption.html'></item><item text='dhtmlxcombo api method dhtmlxcombo setchecked' id='dhtmlxcombo___api_method_dhtmlxcombo_setchecked.html'></item><item text='dhtmlxcombo api method dhtmlxcombo unselectoption' id='dhtmlxcombo___api_method_dhtmlxcombo_unselectoption.html'></item><item text='dhtmlxcombo api method dhtmlxcombo updateoption' id='dhtmlxcombo___api_method_dhtmlxcombo_updateoption.html'></item><item text='dhtmlxcombo api method dhtmlxcombo bind' id='dhtmlxcombo___api_method_dhtmlxcombo_bind.html'></item><item text='dhtmlxcombo api method dhtmlxcombo clearall' id='dhtmlxcombo___api_method_dhtmlxcombo_clearall.html'></item><item text='dhtmlxcombo api method dhtmlxcombo closeall' id='dhtmlxcombo___api_method_dhtmlxcombo_closeall.html'></item><item text='dhtmlxcombo api method dhtmlxcombo destructor' id='dhtmlxcombo___api_method_dhtmlxcombo_destructor.html'></item><item text='dhtmlxcombo api method dhtmlxcombo disable' id='dhtmlxcombo___api_method_dhtmlxcombo_disable.html'></item><item text='dhtmlxcombo api method dhtmlxcombo getactualvalue' id='dhtmlxcombo___api_method_dhtmlxcombo_getactualvalue.html'></item><item text='dhtmlxcombo api method dhtmlxcombo getcombotext' id='dhtmlxcombo___api_method_dhtmlxcombo_getcombotext.html'></item><item text='dhtmlxcombo api method dhtmlxcombo openselect' id='dhtmlxcombo___api_method_dhtmlxcombo_openselect.html'></item><item text='dhtmlxcombo api method dhtmlxcombo readonly' id='dhtmlxcombo___api_method_dhtmlxcombo_readonly.html'></item><item text='dhtmlxcombo api method dhtmlxcombo render' id='dhtmlxcombo___api_method_dhtmlxcombo_render.html'></item><item text='dhtmlxcombo api method dhtmlxcombo setcombotext' id='dhtmlxcombo___api_method_dhtmlxcombo_setcombotext.html'></item><item text='dhtmlxcombo api method dhtmlxcombo setcombovalue' id='dhtmlxcombo___api_method_dhtmlxcombo_setcombovalue.html'></item><item text='dhtmlxcombo api method dhtmlxcombo show' id='dhtmlxcombo___api_method_dhtmlxcombo_show.html'></item></item></item></tree>